titulo;description;data
ESPECIAL INOVADORES NEGROS: 19 profissionais que estão promovendo a transformação digital em grandes corporações;Ao atuar nas mais diversas áreas, eles provam que inovação não está apenas nos laboratórios ou nos computadores […];18 de setembro de 2020
Presidente do Google conta como empresa está atuando na transformação digital no Brasil;Fábio Coelho: “O Brasil gosta muito do Google e o Google gosta de estar presente no Brasil” […];12 de setembro de 2020
Casas Bahia avança com transformação digital, Petlove contrata ex-CEO da Gympass, Cubo reabre e muito mais;Veja as novidades de tecnologia, inovação e transformação digital […];4 de agosto de 2020
Transformação Digital, Games, Mineração & Indústria;Investimentos, Saúde, Open Banking, MVP e Dados […];15 de julho de 2020
Segurança da Informação, Setor Público, Transformação Digital & Consumo e Serviços;Acompanhe os próximos webinars, lives e webcasts […];10 de julho de 2020
Futurecom, Mercado Financeiro, Transformação Digital, Telemedicina, Digitalização & Open Banking;Acompanhe os próximos webinars, lives e webcasts […];2 de julho de 2020
Meios de Pagamento, Futurecom, Cidades Inteligentes, Varejo, Home Center & Transformação Digital;Acompanhe os próximos webinars, lives e webcasts […];30 de junho de 2020
"Fernando Cirne, CEO da Locaweb, sobre a pandemia: ""A crise abriu as portas para a transformação digital""";Unidade que vende plataforma para comércio eletrônico teve, em abril, o melhor mês da história da companhia […];12 de junho de 2020
Inovação no Varejo, Privacidade, Transformação Digital e Cibersegurança;Acompanhe os próximos webinars, lives e webcasts […];9 de junho de 2020
Transformação digital, empreendedorismo online, Festival ABCR & Inovação;Acompanhe os próximos webinars, lives e webcasts […];5 de junho de 2020
Transformação Digital & Meios de Pagamento;Acompanhe os próximos webinars, lives e webcasts […];2 de junho de 2020
E-commerce, segurança, Big Data, inteligência artificial, IoT, transformação digital;Acompanhe os próximos webinars, lives e webcasts […];27 de maio de 2020
Trabalho remoto, transformação digital, futuro das startups & varejo;Acompanhe os próximos webinars, lives e webcasts […];26 de maio de 2020
Creative Legacy & Transformação Digital;Acompanhe os próximos webinars, lives e webcasts […];12 de maio de 2020
“A transformação digital é o novo normal”, diz Carlos Ferreirinha sobre mercado de luxo;Referência no mercado de luxo latino-americano, ele conversou sobre a crise com a jornalista Fabiana Scaranzi em live da Forbes Brasil […];14 de abril de 2020
Contadores enfrentam desafios na transformação digital;"Categoria tem dificuldade para digitalizar a forma como opera
[…]";28 de fevereiro de 2020
L'Oreal compra ModiFace em transformação digital;A ModiFace é especializada em realidade aumentada e inteligência artificial, uma área que a L’Oreal tem interesse […];18 de março de 2018
Bunge faz parceria para originação digital de grãos no Brasil;Medida abre uma nova opção ao produtor para comercializar online […];22 de setembro de 2020
Heineken digitaliza experiência de consumo consciente, Bradesco, Rappi, Tok&Stok, Neo Química, Housi, Havaianas & Muito Mais;Veja as novidades de tecnologia, inovação e transformação digital […];16 de setembro de 2020
Vitor Magnani: O papel das universidades corporativas na economia digital;No Brasil, investimentos privados em educação e capacitação são historicamente baixos […];1 de setembro de 2020
Estreia da CyberLabs, Natura investe em cheiro digital, BRF, Paulo Veras, Gerdau, Neo Química, Magalu & Mais;Veja as novidades de tecnologia, inovação e transformação digital […];26 de agosto de 2020
Vitor Magnani: Nova cédula de R$ 200, a contramão diante da incipiente digitalização;Num momento em que as transações financeiras precisariam ser cada vez mais online, governo federal anuncia novo papel moeda […];11 de agosto de 2020
A transformação do trabalho: do home office para o anywhere office;Como a atual experiência pode mudar a vida dos escritórios e ambientes das empresas – para melhor […];6 de agosto de 2020
Digitalks 2020, Educação, Open Innovation Week, StartUp of You, Ativismo Digital, LGPD, IoT, Dados e mais;Acompanhe os próximos webinars, lives e webcasts […];27 de julho de 2020
Open Banking, Neon, BeApp, Vale do Dendê, FedEx, iFood, FitBank, Arezzo, CaZco Digital & JBS;Veja as novidades de tecnologia, inovação e transformação digital […];17 de julho de 2020
EY aposta em consultoria digital e transforma clientes na crise;Companhia adota modelo bi-modal, que inclui o processo tradicional ao mesmo tempo em que investe em novas formas de prestar serviços […];15 de julho de 2020
Direito Digital, Profissões do Futuro, Varejo & Eventos Corporativos;Acompanhe os próximos webinars, lives e webcasts […];6 de julho de 2020
EXCLUSIVO: Lello dobra participação em assembleias com plataforma digital;Tecnologia ajudou a melhorar processos e aumentar o engajamento nestas reuniões, que antes do distanciamento social tinham uma adesão pífia […];2 de julho de 2020
Futurecom, Modelos de Nuvem & Crianças no Mundo Digital;Acompanhe os próximos webinars, lives e webcasts […];1 de julho de 2020
Victor Lazarte, da Wildlife, sobre a pandemia: “Levamos toda a nossa vida para o mundo digital e nos demos conta de que funciona”;Cofundador da desenvolvedora de games ao lado do irmão, Arthur, fala sobre como está atravessando a crise provocada pela Covid-19 […];26 de junho de 2020
Ensino no Ambiente Digital, Mulheres na Tecnologia, Aceleração, Nuvem & Open Innovation;Acompanhe os próximos webinars, lives e webcasts […];26 de junho de 2020
Futurecom Digital Summit & Oiweek;Acompanhe os próximos webinars, lives e webcasts [ […];25 de junho de 2020
Nestlé digitaliza varejistas de bairro;Programas de aceleração, mentorias, financiamentos e plataformas colaborativas […];19 de junho de 2020
Porto Digital investe na criação de talentos locais para a economia digital;Ecossistema de inovação pioneiro em Recife é base de empresas de projeção mundial […];12 de junho de 2020
Liferay Digital Experience Conference Online;Acompanhe os próximos webinars, lives e webcasts […];22 de maio de 2020
Manaus entra no mapa da inovação digital;Sucesso do ecossistema implantado no Porto Digital de Recife inspira polo na capital amazonense […];17 de maio de 2020
Governo Digital, Open Innovation Week & Startup Day;Acompanhe os próximos webinars, lives e webcasts […];15 de maio de 2020
FORBES Insider: Governo digital, logística 4.0, Neoway, 99Food;Com orçamento anual de R$ 50 milhões, Luis Felipe Monteiro diz que objetivo é chegar ao final de 2022 completamente online […];4 de maio de 2020
O que vem após a pandemia? Especialistas apostam no Renascimento Digital;Crises costumam marcar inícios de novas ordens mundiais, e o mundo segue neste caminho atualmente […];17 de abril de 2020
Alexandre Garcia: “Buscamos uma transformação cultural”;CEO da CEL.LEP fala sobre o propósito de ir muito além da mudança digital […];10 de março de 2020
Rodrigo Galvão fala sobre a transformação cultural da Oracle;O presidente da multinacional no Brasil não subestima a concorrência das startups e investe em gestão pautada em pessoas […];20 de fevereiro de 2020
Criadores do Porto Digital apoiam reinvenção do ecossistema de inovação em Manaus;"Objetivo é fazer com que grandes empresas olhem para a cidade como um pólo fornecedor de soluções de tecnologia
[…]";18 de fevereiro de 2020
Dinamismo da economia digital vai transformar o perfil dos investimentos;Para Bruno Rondani, CEO da 100 Opens Startups, a tendência é aportes cada vez mais distribuídos […];7 de fevereiro de 2020
KPMG Brasil exporta modelo de consultoria para a era digital;A gigante de consultoria quer ter maior participação nos processos de transformação digital de seus clientes […];9 de janeiro de 2020
Último dia do FORBES Start fala de digitalização de dinheiro e formas de interação entre consumidor e produto;Discussão levou ao palco executivos do C6 Bank e do EBANX, entre outros […];27 de novembro de 2019
FORBES Start Dia #2: como aprenderemos a trabalhar na era digital?;Uma das palestrantes, Renee Mauldin, é chief people officer do Nubank, uma das startups mais desejadas como empregadora […];25 de novembro de 2019
Andrea Iorio lança guia de competências humanas para a era digital;Ex-country manager do Tinder e líder digital da L’Óreal fala sobre as habilidades que executivos precisam ter para modernizar suas organizações […];6 de setembro de 2019
Descubra o que é a revolução digital;Os principais conceitos e ferramentas que sua empresa precisa conhecer e aplicar […];27 de dezembro de 2018
4 dicas para sua empresa entrar na era digital;O que antes era um diferencial, agora é indispensável […];15 de junho de 2017
Tendências globais pós-pandemia, Advent, CESAR, 99, Locaweb, Facebook & Muito Mais;Veja as novidades de tecnologia, inovação e transformação digital […];30 de setembro de 2020
Pontos de apoio para startups de delivery, Gympass, Nespresso, C&A, Movile & Muito Mais;Veja as novidades de tecnologia, inovação e transformação digital […];23 de setembro de 2020
Para Fabio Coelho, do Google, Black Friday 2020 será melhor do que em anos anteriores;Executivo diz que brasileiros passaram por uma transformação digital que, em outros países, levaria anos […];15 de setembro de 2020
NotCo capta US$ 85 mi, Santander, Azul, Cyrela, Petlove & Muito Mais;Veja as novidades de tecnologia, inovação e transformação digital […];10 de setembro de 2020
Recarga do Bilhete Único com Mercado Pago, Globoplay, CI&T, Vivara, Vivo, Stone & Muito Mais;Veja as novidades de tecnologia, inovação e transformação digital […];2 de setembro de 2020
99 reduz assédio, Hash lança pagamento por link, Magalu, Dell, Rappi, Creditas e muito mais;Veja as novidades de tecnologia, inovação e transformação digital […];19 de agosto de 2020
EATIZ cria tecnologia para reduzir interação social, Accenture compra Organize Cloud Labs, Natura investe na Singu e muito mais;Veja as novidades de tecnologia, inovação e transformação digital […];12 de agosto de 2020
Bexs fecha com PayMyTuition, Twitter na luta contra a violência feminina, aporte na Magnetis e muito mais;Veja as novidades de tecnologia, inovação e transformação digital […];29 de julho de 2020
XP colhe resultados de evento, TotalPass pivota, Kovi se recupera na crise e mais;Veja as novidades de tecnologia, inovação e transformação digital […];22 de julho de 2020
Lady Driver + Rappi, Schutz, Sinqia, Hackers & Mobees;Veja as novidades de tecnologia, inovação e transformação digital […];14 de julho de 2020
Mobly, Samsung, Colab & Farfetch;Veja as novidades de tecnologia, inovação e transformação digital […];13 de julho de 2020
Magalu, a55, Spotify, Fraudes Online, Toyota, E-Books, Cia. Hering, InCor, IBM & Beta-i;Veja as novidades de tecnologia, inovação e transformação digital […];9 de julho de 2020
Zee.Dog, Deezer, Embraer, HCor, Olist, BigDataCorp, FastBlock, Housi, ConectarAGRO & Evino;Veja as novidades de tecnologia, inovação e transformação digital […];3 de julho de 2020
Alta demanda faz Locaweb antecipar lançamento da Nextios;Crise aumentou a procura por comércio eletrônico, desenvolvimento de aplicativos e transformação digital […];23 de junho de 2020
Hent, Avatim, Meios de Pagamento & RuaDois;Veja as novidades de tecnologia, inovação e transformação digital […];22 de junho de 2020
Governo de SP, LadyDriver, Paquera Online, Cash.in, BizCapital & mLabs;Veja as novidades de tecnologia, inovação e transformação digital […];19 de junho de 2020
MRV, Bike Itaú, Syngenta, AMARO, Raízs, Nestlé & Prefeitura de SP;Veja as novidades de tecnologia, inovação e transformação digital […];16 de junho de 2020
Eztec, Passei Direto, Pipo Saúde & Airbnb;Veja as novidades de tecnologia, inovação e transformação digital […];12 de junho de 2020
Gympass, Cognizant, Uber, VOLL, Happn & Rappi;Veja as novidades de tecnologia, inovação e transformação digital […];10 de junho de 2020
Movimento Black Money, Unilever + Eats For You, Squid, Fab Lab & Stefanini Capital Market;Veja as novidades de tecnologia, inovação e transformação digital […];8 de junho de 2020
Agrofy, Anatel & HealthBit;Veja as novidades de tecnologia, inovação e transformação digital […];3 de junho de 2020
Inbenta, Google, SBC, TeamViewer, Accenture, IoT & ABIT;Veja as novidades de tecnologia, inovação e transformação digital […];29 de maio de 2020
"César Gon, CEO da CI&T, sobre liderança em tempos de guerra: ""A sociedade pós-pandemia não vai esperar a reinvenção das empresas""";Fundador da multinacional brasileira de transformação digital conta como se reorganizou para continuar operando durante a crise […];29 de maio de 2020
Dassault Systèmes, Atento & Mindminers;Veja as novidades de tecnologia, inovação e transformação digital […];26 de maio de 2020
Via Varejo, Tapete Azul, Yuca & home office;Veja as novidades de tecnologia, inovação e transformação digital […];25 de maio de 2020
Huawei Brasil, ABES, Dados do Bem, IATA, Cognizant & Printi;Veja as novidades de tecnologia, inovação e transformação digital […];22 de maio de 2020
Inteligência artificial, e-commerce & Hash;Tecnologia, inovação e transformação digital […];21 de maio de 2020
Deloitte, BMW, Psicologia Viva & Oracle;Tecnologia, inovação e transformação digital […];20 de maio de 2020
GetNinjas, Vittude, Porsche & BEx;Tecnologia, inovação e transformação digital […];19 de maio de 2020
Vivo, Pride Bank, Planet Smart City & Mycon;Tecnologia, inovação e transformação digital […];18 de maio de 2020
EBANX, Dragonlearn & Gupy;Tecnologia, inovação e transformação digital […];14 de maio de 2020
Sound Cloud Live, Cabify & Apto;Tecnologia, inovação e transformação digital […];13 de maio de 2020
Fundação Dom Cabral, Futurecom, Amaro e Logicalis;Tecnologia, inovação e transformação digital […];12 de maio de 2020
Via Varejo compra empresa de tecnologia logística ASAPLog;Empresa afirmou que a aquisição foi “um passo importante na transformação digital” […];27 de abril de 2020
“O segredo é inovar para poder fazer mais com menos”;Nadir Moreno, CEO da UPS Brasil, fala sobre empreendedorismo, inovação e transformação digital […];14 de abril de 2020
Forbes estreia série de vídeos e podcasts em janeiro;Conteúdo falará de inovação, negócios, transformação digital e economia compartilhada […];19 de dezembro de 2019
Carrefour Brasil vai investir cerca de R$ 2 bi por ano até 2024;Objetivo é acelerar sua transformação digital e expandir rede de lojas físicas […];14 de novembro de 2019
Estratégia omnichannel aumenta vendas em 241%;Magazine Luiza é pioneira na transformação digital no Brasil […];4 de abril de 2019
Conheça a face mais visível da revolução tecnológica;Transformação digital mudou a forma como interagimos com o setor de serviços […];29 de dezembro de 2018
Brasileiro Fernando Machado é terceiro na lista dos CMOs mais influentes do mundo;Marcel Marcondes, da Anheuser-Busch também aparece no ranking da Forbes de líderes globais de marketing […];2 de outubro de 2020
Ricardo Carvalho, da G2 Capital, fala sobre venture capital no Brasil, nova estratégia e founders na pandemia;Para o investidor, a empresa não é o negócio, mas sim o empreendedor […];2 de outubro de 2020
EXCLUSIVO: Pixeon compra BoaConsulta para expandir operação;Com a integração das plataformas, companhia terá acesso à jornada completa do paciente […];25 de setembro de 2020
EXCLUSIVO: Nicolas Baretzki, CEO da Montblanc, fala sobre novo momento da grife;Para o executivo, a nova geração de consumidores busca, além dos produtos, identificação com as marcas […];23 de setembro de 2020
América Latina tem mais mulheres na liderança em tecnologia - mas ainda é pouco;Porcentagem é significativamente maior do que os 4% de representatividade feminina nestas funções em países como o Reino Unido […];22 de setembro de 2020
Blockchain e o Setor Público, Conecta Brasil 2020, II CONEMP, CriAtivar & Muito Mais;Acompanhe os próximos webinars, lives e webcasts […];21 de setembro de 2020
Em entrevista à Forbes, Arianna Huffington fala sobre sua tecnologia para melhorar a saúde mental;Quase toda a força de trabalho da SAP no Brasil já tem acesso ao app da Thrive Global […];16 de setembro de 2020
Google pretende operar totalmente com energia livre de carbono até 2030;CEO Sundar Pichai disse a informação com base em meta anterior de tornar o uso de energia 100% renovável […];14 de setembro de 2020
EXCLUSIVO: Apto tem faturamento 43% maior em julho e agostov;Com a ajuda da tecnologia, plataforma de imóveis cresceu dois dígitos na comparação como o mesmo período do ano passado […];14 de setembro de 2020
Chamada ANPEI e EMBRAPII, CONTEAD, StartupOn Norte, Kenoby Talks, Ciberataques & Muito Mais;Acompanhe os próximos webinars, lives e webcasts […];14 de setembro de 2020
Forbes 400: as mulheres mais ricas dos Estados Unidos em 2020;As 56 mulheres da lista de 2020 têm mais fortuna hoje do que em todos os anos anteriores […];14 de setembro de 2020
Grupo Ser Educacional assina contrato para aquisição das operações da Laureate no Brasil;A negociação deve criar o quarto maior grupo de ensino superior do Brasil […];13 de setembro de 2020
Neymar assina contrato com Puma;Jogador passará a usar chuteiras da marca após encerramento do acordo com a Nike […];12 de setembro de 2020
LVMH cancela oferta de compra da Tiffany & Co.;Conglomerado de luxo alega ameaça de taxação sobre produtos franceses que chegam nos Estados Unidos para desfazer negócio de US$ 16,2 bilhões […];9 de setembro de 2020
Brasscom lança manifesto por reforma tributária ampla e inteligente;Entidade, que agrega empresas do setor de tecnologia da informação e comunicação, propõe o fim da colcha de retalhos dos impostos no país […];8 de setembro de 2020
Mentoria com Tallis Gomes, SAP NOW Brasil, LGPD, Mobilidade, Smart Cities & Muito Mais;Acompanhe os próximos webinars, lives e webcasts […];7 de setembro de 2020
Itaú é marca mais valiosa de 2020 no ranking da Kantar/WPP;Avaliado em US$ 8,2 bilhões, banco ocupa o topo da lista pela primeira vez em 14 anos […];4 de setembro de 2020
T-commerce, machine learning, abordagem multiplataforma: Globo aposta em adtech para conectar consumidores e marcas;"Um dos objetivos é impulsionar o consumo em datas como a Black Friday
[…]";27 de agosto de 2020
As empresas que mais praticam inovação aberta no Brasil;Plataforma 100 Open Startups analisou mais de 1.600 companhias em 24 setores […];25 de agosto de 2020
PIX, Saúde, Due Diligence, Score Summit, IoT, Open Innovation, Nexus Summit, YOUPIX Summit e mais;Acompanhe os próximos webinars, lives e webcasts […];24 de agosto de 2020
"Rafael Segrera, da Schneider Electric, sobre o papel da sustentabilidade na reinvenção das empresas pós-Covid-19: ""Agora é a hora de agir""";Segundo a Universidade de Oxford, o esgotamento dos recursos do planeta pode levar a uma queda no PIB global entre 2,5% a 7,5% nos próximos 30 anos […];20 de agosto de 2020
As 10 maiores transformações digitais de 2020: conclusões do pós-pandemia;A quarentena forçada pela Covid-19 acelerou a necessidade da tecnologia para garantir a sobrevivência das empresas […];18 de agosto de 2020
Cibersegurança, PIX, LGPD, agronegócio, varejo, educação, open banking, cannabis, venture capital e muito mais;Acompanhe os próximos webinars, lives e webcasts […];17 de agosto de 2020
ESPECIAL INOVADORES NEGROS: 5 brasileiros que aceleram as maiores consultorias do mundo;Representatividade ainda é baixa, mas EY, Accenture, Deloitte, KPMG e PwC contam com bons exemplos em seus times de inovação […];14 de agosto de 2020
Camila Achutti fala sobre preconceito e empreendedorismo na computação;A fundadora e CEO da Mastertech revelou situações constrangedoras e falou sobre oportunidades da área […];14 de agosto de 2020
O futuro dos esportes: modelos híbridos para esportistas, atletas e times;Inteligência artificial, uso de dados e visão computacional vão ajudar não apenas os treinos, mas a análise da performance […];13 de agosto de 2020
Bayer anuncia Malu Nachreiner como nova líder da divisão agrícola no Brasil;Empresa é a primeira multinacional do setor a ter uma mulher no comando no país […];10 de agosto de 2020
Camila Farani: Durante pandemia Amazon tem o maior trimestre de vendas online de todos os tempos;Com a mudança no modo de consumo, a empresa conseguiu driblar a crise e gerar um crescimento de 49% […];10 de agosto de 2020
Inovação no Varejo, Produtos Digitais, Criança na Internet, Vendas Online, LGPD, CES 2021 e muito mais;Acompanhe os próximos webinars, lives e webcasts […];10 de agosto de 2020
Product Masterclass, Fintechs, Exponential, Agtechs, PIX, Cibersegurança, Mastering Innovation e mais;Acompanhe os próximos webinars, lives e webcasts […];3 de agosto de 2020
EXCLUSIVO: Qintess anuncia aquisição de empresa de analytics;Compra da CSC Brasil vai permitir a oferta de soluções de consultoria estratégica baseada em dados […];31 de julho de 2020
EXCLUSIVO: Cyrela lança Next Floor, plataforma de inovação que cria canal direto com empreendedores e startups;Construtora e incorporadora busca oxigênio para ganhar eficiência e definir tendências no setor […];22 de julho de 2020
Flávio Rocha: como a Riachuelo planeja criar um “superapp de moda”;O bilionário conversou com Antonio Camarotti e falou sobre trajetória de carreira e impactos da pandemia […];22 de julho de 2020
Investimentos, Saúde, Open Banking, MVP e Dados;Investimentos, Saúde, Open Banking, MVP e Dados […];14 de julho de 2020
Festival online Arena BlackRocks busca ampliar repertório de inovadores;Evento terá mais de 50 palestras simultâneas […];13 de julho de 2020
LGPD, Trabalho Pós-Pandemia, Campus Party e E-Commerce;Acompanhe os próximos webinars, lives e webcasts […];8 de julho de 2020
De volta ao trabalho, Cristina Junqueira revela como está sua rotina durante a pandemia;Após fim da licença-maternidade, cofundadora do Nubank retoma com foco em atravessar a tempestade, no cliente e na aceleração dos negócios […];29 de junho de 2020
Futurecom, AWS, Otimização de Sites, CIAB 2020 & Trend Micro Perspectives;Acompanhe os próximos webinars, lives e webcasts […];24 de junho de 2020
Futurecom, CIAB, Gestão de Pessoas, Agro 4.0, Financiamento de Startups, Saúde 5.0 & Inovação no Varejo;Acompanhe os próximos webinars, lives e webcasts […];23 de junho de 2020
Vitor Magnani: Práticas anticoncorrenciais nos meios de pagamento podem inibir startups;Na economia digital, dados se tornam o ativo mais importante para o sucesso dos negócios […];20 de junho de 2020
Tiago Albino, fundador e CEO do içougue, sobre os negócios na pandemia: “Era pivotar ou quebrar”;Empreendedor precisou voltar às origens para atravessar a crise […];19 de junho de 2020
Evento reúne empresários como Luiza Helena Trajano em rodada de palestras online;Nomes do programa Shark Tank Brasil e dos negócios se unem para arrecadar alimentos em maratona idealizada por Cris Arcangeli […];18 de junho de 2020
Games, Mercado Imobiliário, Fintechs, Dados, Resolução de Conflitos Online & Empreendedorismo;Acompanhe os próximos webinars, lives e webcasts […];18 de junho de 2020
EXCLUSIVO: Estudo mapeia HR Techs do Brasil e aponta enorme potencial de crescimento;Levantamento da Distrito constata que país tem 373 startups do tipo, que receberam apenas 2% dos investimentos feitos no mundo todo desde 2014 […];17 de junho de 2020
Carrefour e Google lançam serviço de compras para assistentes de voz;Varejista está no meio de uma reformulação global para aumentar as vendas e os lucros e, para isso, aposta na tecnologia […];16 de junho de 2020
“Precisamos sair da nossa bolha e transitar por outras realidades”, diz Luiz Fernando Musa sobre a crise;Em live da Forbes, CEO da Ogilvy Brasil fala sobre o posicionamento das marcas em tempos de pandemia […];16 de junho de 2020
Digibee recebe aporte de US$ 5 milhões;De malas prontas, startup brasileira vai levar sua solução de integração para o mercado norte-americano […];15 de junho de 2020
Lista 100 Maiores Empresas Doadoras do país contra o vírus é destaque da nova edição da Forbes Brasil;Revista traz a rede de solidariedade que já disponibilizou mais de R$ 5,4 bilhões contra a Covid-19 […];14 de junho de 2020
Fake News, Teachers in Tech, Inovação e Tecnologia & IoT;Acompanhe os próximos webinars, lives e webcasts […];8 de junho de 2020
João Lúcio, da Cognizant, sobre a crise: “É nos momentos de maior tensão e stress que as verdadeiras lideranças aparecem”;Latam Market Head e presidente no Brasil, executivo ressalta a importância da manutenção dos encontros com os colaboradores, ainda que virtuais […];5 de junho de 2020
Samsung Ocean, Ser Educacional, Agrofy & FGV;Acompanhe os próximos webinars, lives e webcasts […];4 de junho de 2020
Novas possibilidades, equilíbrio, retomada: como o AgTech Garage entrega inovação na crise;Ferramentas online já utilizadas antes da pandemia facilitou a migração para o home office […];3 de junho de 2020
Conheça as empresas que têm liderado a revolução do home office;CEOs como Jack Dorsey, do Twitter, e Mark Zuckerberg, do Facebook, decretaram a permanência do trabalho remoto após a Covid-19 […];2 de junho de 2020
Ame, da Lojas Americanas, faz parceria com Cielo para cashback;Programa vai devolver 5% do valor de cada transação […];27 de maio de 2020
IED, NIC.br, Brazil at Silicon Valley, Service IT e ThoughtWorks;Acompanhe os próximos webinars, lives e webcasts […];20 de maio de 2020
TrampaSampa, Instanteaser & eBay;Programas de aceleração, mentorias, financiamentos e plataformas colaborativas […];19 de maio de 2020
Instabilidade socioeconômica do Brasil testa resiliência de consultoria em tecnologia e inovação;"Consultores terão que se reinventar na crise para responder à insegurança causada por abordagem “desarticulada” do governo no combate à Covid-19
[…]";19 de maio de 2020
Conheça o centro da inteligência artificial no Brasil;São Carlos concentra um dos mais avançados polos tecnológicos do país […];16 de maio de 2020
Entenda como a HOPE está se adaptando ao atual cenário de crise;Sandra Chayo, diretora de marketing e estilo da marca, deu detalhes sobre as medidas da empresa para enfrentar a pandemia […];15 de maio de 2020
Natura &Co vê retomada gradual na Ásia e Europa;Empresa diz que Covid-19 deve atingir mais duramente os negócios na América Latina […];8 de maio de 2020
FORBES Insider: Mães empreendedoras, comportamento online, Rappi, EMBRAPII, Pinterest;Realidade das mulheres com filhos durante a pandemia de Covid-19 se tornou ainda mais desafiadora […];7 de maio de 2020
FORBES Insider: Totvs, Amyi, app de rastreamento, 99Food;Chairman da empresa de software diz que o mundo nunca viveu algo que demandasse tanta infraestrutura em um curto espaço de tempo […];5 de maio de 2020
Empresa financiada por Bill Gates pode revolucionar o desenvolvimento farmacêutico;A Schrodinger usa tecnologia para melhorar processos na área de remédios e teve sucesso em IPO […];5 de maio de 2020
FORBES Insider: Hotmart, Loft, Porto Digital, LGPD;Executivo diz que, em uma situação como a que estamos vivendo, é importante ter sensibilidade para desenhar opções e entender quais adaptações serão necessárias […];30 de abril de 2020
FORBES Insider: Onii, Numenu, Conselho da Europa, privacidade, Chevrolet;Modelo de negócio surfa na onda das restrições de contato impostas pela pandemia de Covid-19 […];29 de abril de 2020
FORBES Insider: Passaporte da Saúde, Educação à Distância, Embrapa, 99;Recurso faz parte de um conjunto de propostas do setor de tecnologia para o enfrentamento da Covid-19 […];28 de abril de 2020
FORBES Insider: Resultados Digitais, Neon, Bayer, Loft;Executivo diz que empresa agiu rápido para preservar o time e colocando todos em home office antes de qualquer indicação governamental […];24 de abril de 2020
FORBES Insider: Nestlé, influenciadores digitais, IBM, Magalu;Marketplace de bolo criado pela multinacional registra 500% de crescimento em março […];23 de abril de 2020
Amália Sechis: “Se você tiver um objetivo, tudo fica mais fácil”;Sócia-fundadora do Beef Passion fala sobre o desafio de mudar a forma de consumo de carne no Brasil […];22 de abril de 2020
FORBES Insider: Agrofy, Bayer, 500 Startups, Paypal;"Novas demandas do setor vão acelerar a adoção de recursos como marketplaces
[…]";22 de abril de 2020
Fabio Faccio, CEO da Renner, desmente fake news sobre fechamento das lojas físicas;"Executivo acredita que o futuro do varejo será cada vez mais omnichannel, com interação crescente entre o online e presencial
[…]";21 de abril de 2020
O poder da adaptação: como a Vittude continua crescendo em meio à crise;A CEO da empresa de terapia online Tatiana Pimenta conversou com Fabiana Scaranzi em em entrevista para a Forbes Brasil […];17 de abril de 2020
FORBES Insider: Comércio eletrônico, Eventbrite, Amaro, Totvs;Para especialista, a humanização nos relacionamentos entre consumidores e marcas é o principal desafio imposto pela pandemia […];15 de abril de 2020
Forbes Insider: SAS, Zenvia, Nimbi, MarketUP, Mercer;Com crescimento de 24% em 2019, empresa de soluções analíticas reconhece que metas para 2020 terão que ser revistas […];13 de abril de 2020
Forbes Insider: Tinder, happn, Dating, L’Oreal, Rock Content;Dating, Tinder e happn registram aumento no número de mensagens e no tempo das conversas […];7 de abril de 2020
Forbes Insider: Loft, streaming, Quero Educação, coronavoucher,;Fundador da proptech fala sobre os desafios impostos pela pandemia de Covid-19 […];3 de abril de 2020
Nina Silva: “a tecnologia existe para o impacto social”;Sócia fundadora do Movimento Black Money fala sobre como atua para dar mais visibilidade aos profissionais da comunidade negra […];31 de março de 2020
Forbes Insider: Neon, Hotmart, Porto Digital, LGPD;Prazo poderá chegar a 24 vezes, em vez das atuais 12 […];31 de março de 2020
Leandro Barankiewicz: Tenha um problema para resolver;CEO da SouthRock Lab fala sobre como foi se tornar o primeiro unicórnio do Brasil […];24 de março de 2020
Por que inovar é chave em momentos conturbados;Em entrevista a Tiago Alves, Gustavo Muller, CEO da Monkey Exchange, fala sobre os benefícios da tecnologia […];17 de março de 2020
CultureCrush aposta no Brasil para expandir aplicativo de paquera para negros;Fundadora da plataforma explica que usuários brasileiros se sentem representados pela iniciativa […];10 de março de 2020
CVC Brasil dispara após trocar comando e ação despencar mais de 50% em 2020;Papéis têm alta de 16%, sinal de que o mercado aprovou a mudança […];6 de março de 2020
5 dicas para uma startup conseguir um investimento seed;Do relacionamento com os fundos à estrutura societária, veja como aumentar as chances de receber um aporte inicial […];4 de março de 2020
Como a tecnologia vai mudar o jeito de morar no Brasil;Alexandre Frankel, CEO da VITACON, conta sua história e como a empresa tem revolucionado a habitação  […];3 de março de 2020
“Não temos vergonha dos carboidratos e das calorias”, diz Carlos Eduardo Martins, CEO da Domino’s Brasil;Rede de pizzarias celebra a abertura da 300ª loja no país, com plano para chegar a 650 até 2023 […];28 de fevereiro de 2020
"Efeito do coronavírus no setor de tecnologia será ""passageiro e localizado""";Vendas de computadores e equipamentos de comunicação serão afetadas, mas um impacto expressivo no setor é improvável, segundo a Forrester […];21 de fevereiro de 2020
Microsoft investirá US$ 1,1 bi no México nos próximos 5 anos, diz CEO;"Satya Nadella disse que o investimento “está focado na expansão do acesso à tecnologia digital”
[…]";20 de fevereiro de 2020
EXCLUSIVO: Loft lança programa de licença paternidade de seis meses para colaboradores;Startup iguala direito de homens e mulheres e estabelece afastamento compulsório de, pelo menos, dois meses para eles […];12 de fevereiro de 2020
Lojas Renner tem alta de 17% no lucro do 4º trimestre;Resultado foi de R$ 513,1 milhões ante R$ 439,8 milhões no mesmo período do ano anterior […];7 de fevereiro de 2020
TozziniFreire evolui programa de inovação e conquista gigantes de tecnologia;"Escritório de advocacia paulista criou o ThinkFuture para responder às novas oportunidades de negócios 
 […]";5 de fevereiro de 2020
João Appolinário: 20 anos de Polishop e uma fome de tubarão;Em entrevista, empresário fala sobre a importância de vender benefícios, não produtos […];2 de fevereiro de 2020
EXCLUSIVO: Nubank nega boatos e confirma fundadores na liderança;David Vélez, Edward Wible e Cristina Junqueira continuam no alto escalão da fintech bilionária […];27 de janeiro de 2020
BNP Paribas e outros grupos franceses abrem hub de inovação no Brasil;Banco pretende concluir ao menos oito projetos em 2020 […];23 de janeiro de 2020
Healthtech brasileira desenvolve solução inovadora para democratizar tratamento de lesões;Órtese de plástico biodegradável já começa a ser testada em hospital de São Paulo […];21 de janeiro de 2020
Embrapii faz chamada para novas unidades e revela próximos passos;Em seis anos, entidade apoiou 860 projetos de inovação e gerou mais de 300 patentes […];20 de janeiro de 2020
Exclusivo: Gympass quer funcionalismo público para crescer no Brasil;Startup unicórnio mira 12 milhões de novos clientes com sua nova frente de atuação […];19 de dezembro de 2019
O futuro conectado do Brasil: os próximos 25 anos;Ancorada no tripé conectividade, capacitação e inovação, a Cisco ajuda a conduzir o país em sua jornada digital […];10 de dezembro de 2019
Exclusivo: Rock Content compra norte-americana Scribble Live;Aquisição da empresa mineira de marketing de conteúdo cria um dos maiores players do segmento nas Américas […];10 de dezembro de 2019
Ganhadora do Caboré de inovação, Nestlé avança para atender demandas de millennials;Empresa tem investido milhões para responder à tendência de “consumo com causa” […];5 de dezembro de 2019
LinkedIn divulga Top Voices e Top Voices Influencers 2019;Reconhecimento é dado a usuários que compartilham conteúdos relevantes em suas áreas ou regiões […];4 de dezembro de 2019
Brasileiros são 25% do grupo de investidores que comprou rede de hotéis Wyndham nos EUA;Operação, de US$ 215 milhões, contou com a participação de empresas de private equity renomadas como Blackstone e Brookfield […];2 de dezembro de 2019
Maior complexo de eSports da América Latina abre em São Paulo;On e-Stadium tem área de 3.000 m² com cursos, arena e espaço para jogos […];28 de novembro de 2019
Inteligência artificial no agro e inovação na resolução de problemas empresariais são assuntos do 1º dia do FORBES Start;"Executivos de companhias de destaque participaram de debate dentro da São Paulo Tech Week; inscrições estão abertas para os próximos dias […]";25 de novembro de 2019
Vida de estrela: CEOs brasileiros trocam escritórios e reuniões pelos palcos;Executivos do SAS, Unisys, Nubank e RedeTV!, entre outras empresas, criam projeto para arrecadar fundos para entidades beneficentes […];19 de novembro de 2019
Fabiano Virginio, do IED: Resiliência e paciência são essenciais para inovar;Empresas tradicionais precisam adotar práticas básicas para conseguir avançar na era digital, diz diretor do centro de inovação do Istituto Europeo di Design […];18 de novembro de 2019
École 42, do bilionário Xavier Niel, desembarca em São Paulo e Rio de Janeiro;Instituição francesa chega com um conceito tão inovador que chama o aluno de tripulante […];16 de novembro de 2019
Forbes terá palco Start na 5ª edição da São Paulo Tech Week;De 25 a 27 de novembro, haverá uma série de debates sobre inovação e tomada de decisões no cowork Spaces Berrini […];11 de novembro de 2019
Nestlé traz impacto social para projetos de inovação;Carolina Sevciuc: “A inovação não pode ser só sobre ações de mercado” […];6 de novembro de 2019
Conectando o Brasil com o futuro;Há 20 anos em operação no país, programa de capacitação da Cisco já formou mais de 300 mil brasileiros em TI […];6 de novembro de 2019
Bolsonaro diz que Honda e L’Óreal vão trocar fábricas na Argentina pelo Brasil;Fabricante norte-americana de motores MWM fará o mesmo movimento, segundo o presidente […];6 de novembro de 2019
Itaú compra mineira Zup por valor que pode chegar a R$ 575 milhões;Objetivo da operação é acelerar o desenvolvimento digital do banco […];1 de novembro de 2019
Gilles Coccoli: Edenred quer ir além da Ticket Restaurante e lucrar com inovação;Empresa deseja que projetos em áreas como serviços de saúde representem 15% da receita nos próximos 2 anos […];30 de outubro de 2019
Flapper quer aumentar demanda por voos de jatinho com crowdsourcing;A empresa de aviação executiva de Paul Malicki vai permitir que usuários criem seus próprios voos […];29 de outubro de 2019
Lucro da Petrobras sobe para R$ 9,1 bi no 3º tri;Resultado é 36,8% maior do que no mesmo período do ano passado, apesar da redução no preço do petróleo […];25 de outubro de 2019
Tania Cosentino prioriza sustentabilidade na Microsoft;A presidente da gigante de tecnologia no Brasil acredita que cuidar do impacto ambiental e social das empresas gera melhores resultados […];24 de outubro de 2019
CEO da Nike, Mark Parker, deixa o cargo em janeiro;Após mais de uma década administrando a marca, executivo seguirá no conselho […];22 de outubro de 2019
Às vésperas de completar 90 anos, Santista Jeanswear volta a investir;Uma das mais tradicionais companhias têxteis do país aposta em tripé para enfrentar o momento atual […];21 de outubro de 2019
Beatriz Copelli: Souza Cruz vai exportar aprendizados de inovação;Gigante de tabaco quer replicar ideias em outros mercados globais, diz CIO para as Américas e África […];16 de outubro de 2019
As três tendências tecnológicas para a indústria em 2020;Mudança no perfil de consumidores exige que fabricantes reformulem suas táticas […];9 de outubro de 2019
Carrefour Brasil compra 49% de fintech Ewally;Companhia pode assumir controle da digital após 3 anos […];1 de outubro de 2019
Silenciosamente, Fiat Chrysler prepara carro conectado com marketplace no Brasil;Montadora vai oferecer produtos e serviços pagos em parceria com players tradicionais e startups, diz Breno Kamei, diretor de inteligência competitiva da FCA […];26 de setembro de 2019
Whindersson Nunes investe em plataforma de microinfluenciadores;Youtuber também terá rede de conteúdo humorístico espalhada por todo o país […];13 de setembro de 2019
Startups surfam na onda do microaprendizado;Empresas como 12minutos, de Guilherme Mendes (foto), e LEO Learning trazem soluções em educação para pessoas com falta de tempo […];12 de setembro de 2019
Como a L'Oréal usa a inteligência artificial para potencializar seus negócios;A incubadora de tecnologia da gigante da beleza opera desde 2012 […];10 de setembro de 2019
Nestlé investirá R$1 bi em SP nos próximos 3 anos;Aporte será em novas linhas de produção e tecnologia […];21 de agosto de 2019
Mercado de seguros cresce com estabilidade no Brasil;Expectativa é que o setor cresça entre 6,3% e 8,4% em 2019 […];27 de julho de 2019
Fundador da Totvs diz como iniciar um negócio: ideia e ação;Para Laércio Cosentino, a tecnologia é grande aliada de novos produtos e serviços […];10 de julho de 2019
Tecnologia de dados pode impulsionar ciclo comercial;A tecnologia é parte crucial dos processos comerciais […];4 de julho de 2019
GPA se alia à Microsoft para testar tecnologias;Parceria inclui a abertura de uma loja em São Paulo até o fim do ano […];28 de junho de 2019
Como a Netshoes pode conter a Amazon no Brasil;Disputa entre Centauro e Magazine Luiza pela varejista online deve fortalecer posição frente à rival […];4 de junho de 2019
As mulheres mais poderosas do Brasil;Lista reúne quem brilha nos negócios, na moda, nos esportes e nas redes sociais, entre outras áreas […];25 de maio de 2019
Natura vai elevar receita com investimento em marca da Avon;Presidente também revelou que espera ampliar ganho com digitalização de processos […];23 de maio de 2019
O que deseja a nova geração de trainees;Pesquisa revela os principais aspectos para atrair novos talentos […];10 de abril de 2019
Carrefour Brasil faz parceria com startup Zaitt;Acordo cria mercado 100% autônomo em São Paulo […];25 de março de 2019
Descubra onde o luxo encontra a inovação;LVMH mantém aceleradora de startups dentro da Station F […];17 de março de 2019
A intensa vida do jovem presidente da Dasa;Antes dos 30, Pedro Bueno já viveu o que muitos empresários e executivos levariam uma vida para enfrentar […];16 de março de 2019
Descubra o que é a educação executiva 4.0;Melhores MBAs do mundo saíram na frente e reformularam seus currículos […];9 de março de 2019
Novas escolas formam líderes do futuro;Instituições de elite se propõem a preparar os alunos para serem cidadãos do mundo […];6 de março de 2019
As novas ferramentas em sala de aula;As tendências tecnológicas e comportamentais das escolas mais avançadas […];5 de março de 2019
Carrefour Brasil vê crescimento sustentável no ano;Gigante do varejo conta com a contribuição positiva do marketplace […];27 de fevereiro de 2019
5 principais tecnologias digitais para a saúde em 2019;Soluções de ponta prometem precisão cirúrgica e atendimento personalizado […];18 de fevereiro de 2019
Carrefour cria unidade de varejo online de alimentos;Objetivo é, a médio prazo, assumir a liderança no setor […];1 de fevereiro de 2019
Cuidar dos funcionários é melhor do que engajá-los;A cultura do bem-estar cria um ambiente de confiança otimizado para o sucesso […];18 de janeiro de 2019
Caixa Econômica abre seleção para 4 novos vices;Processo será conduzido pela consultoria Russell Reynolds […];10 de janeiro de 2019
Por que estamos na era da proteção da informação;Segundo empresa de segurança de dados, 2018 bateu recorde de ataques cibernéticos […];1 de janeiro de 2019
E-commerce se torna a menina dos olhos das varejistas;Novo milênio trouxe facilidades inéditas para o consumidor conectado […];30 de dezembro de 2018
"Carrefour Brasil inicia testes de sistema ""Scan & Go"" em SP";Tecnologia deve chegar a todas as unidades do Carrefour Express e Carrefour Market no Estado no próximo ano […];27 de dezembro de 2018
Corinthians e IBM firmam parceria;Objetivo é modernizar tecnologia de estádio […];21 de dezembro de 2018
Magazine Luiza vai acelerar investimento em 2019;Varejista quer ganhar escala e transformar negócios em plataforma digital […];14 de dezembro de 2018
Pão de Açúcar compra startup de entregas James Delivery;Negócio faz parte dos esforços para avançar nas vendas pela internet […];11 de dezembro de 2018
GPA prevê investir até 12,5% mais em 2019;Rede varejista mira em expansão orgânica e conversões de lojas […];5 de dezembro de 2018
Carrefour Brasil investirá R$ 1,8 bi em 2019;"Valor é o mesmo de 2018; 20 novas lojas do Atacadão estão previstas […]";3 de dezembro de 2018
Telecom Italia escolhe Luigi Gubitosi como novo CEO;Executivo sucede Amos Genish, que foi inesperadamente demitido na semana passada […];19 de novembro de 2018
CEO da Atento fala sobre o futuro dos colaboradores;Dimitrius Oliveira revela como a tecnologia vai ajudar na interação com usuários […];19 de novembro de 2018
Telecom Italia demite o CEO Amos Genish;TIM sente efeito e suas ações recuam quase 7% na bolsa paulista […];13 de novembro de 2018
Carrefour Brasil compra 100% da plataforma E-mídia;Empresa é dona dos sites Cyber Cook, Vila Mulher e Mais Equilíbrio […];6 de novembro de 2018
4 dicas para começar uma startup;Adeo Ressi vendeu duas empresas por US$ 1 bi antes dos 30 anos […];31 de outubro de 2018
Athié Wohnrath anuncia novo modelo de negócio;Iniciativa pretende inserir as empresas no ecossistema de inovação […];26 de outubro de 2018
Via Varejo fecha acordo com a Getnet;Parceira vai oferecer serviços financeiros a vendedores do marketplace […];24 de setembro de 2018
Carrefour Brasil terá sistema 'Scan & Go';Iniciativa deve ser começar a funcionar ainda este ano em algumas lojas […];28 de agosto de 2018
L'Oréal e Facebook lançam testes de maquiagem;Objetivo é impulsionar vendas online e pelas redes sociais […];9 de agosto de 2018
Vivendi avalia opções para Telecom Italia;Acionista estaria preocupada com a situação do grupo italiano de telecom […];25 de julho de 2018
Para modernizar lojas, Assaí testa caixa automatizado;Investimento em tecnologia da informação inclui também wi-fi para clientes […];5 de julho de 2018
Kroton fecha parceria com Cubo Itaú;Objetivo é apoiar e investir em empresas de soluções para educação […];19 de junho de 2018
GPA mantém planejamento apesar das turbulências;Peter Estermann diz que a empresa tem potencial para recuperar o impacto […];12 de junho de 2018
Via Varejo reduz número de executivos;Empresa integrou as áreas de operações, vendas, comercial e logística […];11 de junho de 2018
10 empresas mais inovadoras do mundo em 2018;Companhias que nasceram na nuvem ocupam as três primeiras posições […];6 de junho de 2018
Amos Genish tem apoio do conselho da Telecom Italia;Presidente da telefônica diz que executará eu plano de três anos […];18 de maio de 2018
Lucro da Arezzo sobe 22,3% no 1º tri;Companhia de calçados e bolsas registrou lucro líquido de R$ 27 milhões […];9 de maio de 2018
Carrefour Brasil vê potencial para até 140 novas lojas;Segundo presidente, Noël Prioux, grupo está mapeando oportunidades de parcerias […];13 de março de 2018
Natura nomeia Agenor Leão como novo vice-presidente de operações na América Latina;Erasmo Toledo, que ocupava a vice-presidência de Operações Internacionais nos últimos anos, agora se dedicará inteiramente à liderança do negócio de vendas diretas no Brasil […];19 de janeiro de 2018
CEO da Vivo prevê como será o mundo no futuro;"Eduardo Navarro fala sobre as transformações das telecomunicações com a crescente digitalização do dia a dia e a “morte” do telefone
 […]";20 de novembro de 2017
Indiana Tata Comunications amplia negócios para o Brasil;Empresa vai conectar o país aos mercados financeiros internacionais por meio de cabo submarino […];13 de novembro de 2017
Carrefour Brasil indica Noël Prioux como diretor-presidente;Empresa aprovou, ainda, a emissão de R$ 2 bilhões em promissórias […];22 de setembro de 2017
O que podemos aprender com ransomware WannaCry;Prejuízos poderiam ter sido evitados se os sistemas estivessem atualizados […];15 de maio de 2017
Ricardo Amorim fala sobre como o Brasil pode se preparar para a economia do futuro;CEOs e executivos de empresas de grande porte participaram do último evento do ano no WTC Business Club, em São Paulo […];14 de dezembro de 2016
Como a TOTVS tem transformado o ambiente de trabalho;"Laércio Consentino vê, num período de cinco a dez anos, mais coisas conectadas aos sistemas do que pessoas
 […]";12 de novembro de 2016
Cloud computing torna-se predominante na tecnologia da informação;Brasil é o quinto maior mercado de tecnologia da informação e comunicação do planeta […];17 de dezembro de 2015
A história da empreendedora que faturou R$ 80 mil com a venda de perucas na pandemia;Lady Vailante, fundadora da Lady Laces, alcança uma audiência de até 2 milhões com suas lives no Facebook […];29 de setembro de 2020
P,D&I com a EMBRAPII, StartupOn Sudeste, AWS Summit Online 2020, ABFintechs & Muito Mais;Acompanhe os próximos webinars, lives e webcasts […];28 de setembro de 2020
Lelê Saddi e Fernando Bento, fundadores da Pop Comm, apostam na comunicação 360º;Sócios cresceram 77,5% nos últimos 12 meses e projetam dobrar faturamento em 2020 […];16 de setembro de 2020
Impact 50: os maiores investidores de impacto social dos EUA;Conheça norte-americanos que investem em empreendimentos que visam benefícios socioambientais […];14 de setembro de 2020
O futuro do software brasileiro, mobilidade elétrica, IA, EAD e muito mais;Acompanhe os próximos webinars, lives e webcasts […];31 de agosto de 2020
QuintoAndar enfrenta crise e acelera planos de crescimento;Startup está monitorando as mudanças em curso no setor de habitação e potenciais oportunidades de negócio […];21 de julho de 2020
Amcham prepara missão online de inovação emergencial;Iniciativas de aceleração, mentorias, financiamentos e colaboração […];14 de julho de 2020
Aplicativos que ensinam a meditar viram segmento bilionário;No Brasil, apenas o app Zen registra sozinho 3,5 milhões de downloads […];11 de julho de 2020
CDL de Porto Alegre anuncia programa de aceleração;Iniciativas de aceleração, mentorias, financiamentos e sistemas colaborativos […];8 de julho de 2020
5 etapas que todo empreendedor precisa seguir antes de reconstruir sua empresa na era pós-coronavírus;Analisar a realidade e ter capacidade de aprendizagem são algumas das atitudes recomendadas […];15 de junho de 2020
Por que, para a Rolls-Royce, a nova era do luxo é a “pós-opulência”;Chefe de design da montadora, Alex Innes fala sobre o futuro da marca e do contato com os clientes […];10 de junho de 2020
Novo Cenário, SEO, PIX & Varejo;Acompanhe os próximos webinars, lives e webcasts […];3 de junho de 2020
Maratona Bagy & Novos Comportamentos;Acompanhe os próximos webinars, lives e webcasts […];29 de maio de 2020
Pesquisa revela que apenas 0,74% dos sites brasileiros atendem às pessoas com algum tipo de deficiência;No Dia Mundial da Conscientização sobre a Acessibilidade, levantamento aponta que a web ainda precisa evoluir muito no país […];21 de maio de 2020
Advogada do Recife é a única representante da América Latina em premiação internacional;Karla Capela Morais desenvolveu uma solução tecnológica para a área jurídica usando a ferramenta de IA Watson […];18 de maio de 2020
Donata Meirelles: Receitas de sucesso para o day after da pandemia;Em entrevista, mulheres conceituadas em suas carreiras, como Laudomia Pucci e Anitta, revelam como pretendem enfrentar as consequências do novo coronavírus […];11 de maio de 2020
McKinsey faz previsão sombria para a indústria da moda;Segmento de bens de luxo deve contrair de 35% a 39% em relação a 2019 […];11 de maio de 2020
FORBES Insider: Tembici, Alexa, Claudia Leitte, IBM;CEO da Tembici conta como a empresa está enfrentando o isolamento social imposto pela Covid-19 […];17 de abril de 2020
Como o coronavírus vai mudar a paquera online definitivamente;Aplicativos têm criado ferramentas para incentivar os encontros virtuais entre casais e até mesmo interações em grupo […];9 de abril de 2020
Veja 4 passos para virtualizar eventos em meio aos cancelamentos na crise do coronavírus;Dan Stevens, CEO de uma plataforma de vídeo para empresas, compartilha métodos conversão […];9 de abril de 2020
Como manter sua equipe engajada durante a crise do coronavírus;Consultar os funcionários e criar um plano conjunto estão entre as dicas […];30 de março de 2020
EXCLUSIVO: Zee.Dog é a primeira empresa brasileira a abreviar semana de trabalho;Grife de produtos para pets não terá expediente às quartas-feiras […];5 de março de 2020
Blockchain 50: as maiores empresas que adotam a tecnologia;Listadas pela Forbes têm receita anual ou valor de mercado superior a US$ 1 bilhão […];19 de fevereiro de 2020
Pernambucana In Loco desembarca nos Estados Unidos de olho no mercado de IoT;Com ferramenta de localização que ajuda a garantir segurança e privacidade, empresa foca em setor estimado em US$ 1 trilhão em 2020 […];17 de janeiro de 2020
Inovação, assistência e liderança no campo;As iniciativas do Sistema CNA/Senar para preparar os produtores rurais a enfrentar os desafios do agronegócio no Brasil […];24 de dezembro de 2019
FORBES Start Dia #1: precisamos falar sobre segurança alimentar;Primeiro dia do hub na São Paulo Tech Week terá abertura de Oliver Cunningham, sócio-líder de inovação da KPMG […];22 de novembro de 2019
Fabricio Bloisi: empresas tradicionais lutarão para sobreviver às big techs brasileiras;O fundador da Movile, que inclui unicórnios como a iFood, quer gerar impacto social […];20 de novembro de 2019
Confira a programação do Palco Forbes Start na 5ª edição da São Paulo Tech Week;Evento tem inscrições gratuitas e discussões sobre agricultura, educação, trabalho e finanças […];19 de novembro de 2019
Plataforma de gestão evita perdas nas operações financeiras;Franqueados da Chilli Beans, O Boticário e Arezzo usam ferramenta para controlar taxas dos cartões e compreender fluxo de caixa […];18 de novembro de 2019
Entenda os problemas que antecederam a renúncia de Kevin Plank da Under Armour;Executivo deixa cargo de CEO, mas continuará na empresa como diretor […];28 de outubro de 2019
Ruy Shiozawa: gestores são a maior barreira à inovação no Brasil;Mudanças de mentalidade são necessárias para garantir que o país não fique para trás, diz o diretor do Great Place To Work […];21 de outubro de 2019
Plataforma mira massificação de moradia popular;Housi é aderente a audiências de menor poder aquisitivo e pode até virar benefício, diz o CEO, Alexandre Lafer Frankel […];18 de outubro de 2019
Sobre dinheiro;Luxo traduzido em bens e experiências é símbolo de poder e fortuna […];2 de outubro de 2019
O potencial do Twitter para engajamentos das marcas;Estrategista destaca sucessos e conta como ser efetivo na plataforma […];18 de setembro de 2019
B2W aprova aumento de capital de R$ 2,5 bi;Empresa controlada pelas Lojas Americanas fez aviso a acionistas […];20 de agosto de 2019
Revolução tecnológica deve transformar a vida no mundo;Até 2022, 88% da população brasileira estará conectada à internet […];12 de agosto de 2019
Setor de saúde movimenta a economia brasileira;Sozinho, mercado de medicina diagnóstica atingiu R$ 35,4 bilhões em receita bruta em 2017 […];3 de agosto de 2019
Quais são os prós e contras do modelo energético do Brasil;País possui fartas e diversificadas fontes de energia, mas precisa enfrentar problemas cruciais e se modernizar […];6 de julho de 2019
Como MP de Bolsonaro pode impulsionar o livre mercado;Plano tem potencial de liberar a capacidade criativa de pequenos negócios […];21 de maio de 2019
Grupo Zap lança modelo i-buyer no Brasil;Empresa quer facilitar processo de negociação imobiliária no país […];6 de maio de 2019
Os melhores bancos do Brasil em 2019;Instituições digitais dominam 1º ranking Forbes baseado em satisfação dos clientes […];27 de março de 2019
Natura tem alta de 48,7% no lucro do trimestre;Empresa espera aumento de produtividade com avanço em digitalização […];22 de fevereiro de 2019
O mundo precisa de um pouco de “audácia artística”;Isso significa ter os meios para atravessar um estado de caos com a mente aberta […];28 de janeiro de 2019
Como usar a tecnologia para mudar as favelas;Não vai dar certo utilizar as mesmas respostas do passado para combater problemas sociais […];13 de novembro de 2018
